RegionName,Post_COVID_Growth,Volatility,Avg_ZHVI,SizeRank,Cluster
"Aberdeen, SD",0.3111389427901432,29462.956548237646,156591.655153125,677,2
"Aberdeen, WA",0.4372274448637578,73634.07772070068,193564.5544257732,473,1
"Abilene, TX",0.33563574495951,30301.74401528469,132273.74357613403,251,1
"Ada, OK",0.4362673713041469,28406.876795352156,103567.32493768456,720,0
"Adrian, MI",0.38291808087708473,37801.87375853641,125285.12154983442,393,1
"Akron, OH",0.4623543081603776,29328.916947725807,133616.13438476823,83,1
"Alamogordo, NM",0.631174156412833,36401.235237920206,161554.85296422016,493,0
"Albany, GA",0.5449743818230918,18274.61013750945,102438.06375790697,295,1
"Albany, NY",0.42712667767377094,51353.99946158841,202863.2559400662,64,1
"Albany, OR",0.47025069884398796,89329.25347845707,238009.69059805825,330,1
"Albemarle, NC",0.6958184716307712,54447.544496047696,197390.72087064222,526,0
"Albert Lea, MN",0.4385817167078462,32581.119129036982,116381.37775398734,814,0
"Albertville, AL",0.4730075061829334,41042.7750931943,144282.69112551547,406,1
"Albuquerque, NM",0.5796110539881012,53486.9196604479,197225.35579267397,62,1
"Alexandria, LA",0.10331791747623556,24075.83722589902,112501.33190895623,286,2
"Alexandria, MN",0.41113116587617954,47616.218945836874,211206.24849960784,711,0
"Alice, TX",-0.12045009851177732,7011.572313155997,122450.76068020833,609,2
"Allentown, PA",0.5299045517921903,51156.100377009745,200639.56420827814,70,1
"Alma, MI",0.2616258340124783,25758.16871851976,115795.89735614943,684,2
"Alpena, MI",0.4818367672565219,27132.837369055655,100020.77024269103,824,0
"Altoona, PA",0.14319344659610742,20919.66944964861,124169.11786539735,340,2
"Altus, OK",0.3907360381660062,13455.87636208298,70588.84913474917,864,0
"Amarillo, TX",0.40713190620728495,30368.702404383755,143030.58987783504,186,1
"Americus, GA",0.5048362225581725,14133.740029463655,91528.68716412752,779,0
"Ames, IA",0.3132260830425468,35544.94011987601,175819.14386614584,336,1
"Amsterdam, NY",0.5453402639392577,30641.58051730665,109460.28038740864,607,0
"Anchorage, AK",0.19267718900732045,63793.73993374075,265332.2083596667,139,1
"Andrews, TX",0.12489936305918083,41996.509685685436,174373.47781052632,920,2
"Angola, IN",0.5145555491414865,52251.7935310707,185597.40681167514,774,0
"Ann Arbor, MI",0.29538473096127327,62279.21251311502,245743.75761158942,148,1
"Anniston, AL",0.28303647357779793,19425.009100408064,122968.98974918605,357,2
"Appleton, WI",0.5338548404242742,47170.45110112812,188710.77979789916,197,1
"Arcadia, FL",0.6014702686068151,55442.605189398535,125000.38814506623,782,0
"Ardmore, OK",0.5002801190807424,31700.94187960224,95740.08527804636,546,0
"Arkadelphia, AR",0.3873134245921601,17911.296427284975,99882.18861798014,896,0
"Asheville, NC",0.5358363721512097,84988.61992314058,222946.73809933776,121,1
"Ashland, OH",0.567332662409653,38378.92471950762,137570.69969791666,586,0
"Ashtabula, OH",0.5918969195141267,25124.884526163612,97592.43755983443,404,0
"Astoria, OR",0.483997561595221,98155.85915496165,300771.20492490276,691,0
"Atchison, KS",0.5998122942228894,28060.25860842768,103654.11651588607,929,0
"Athens, GA",0.5996185340049344,60619.20492584741,190713.42313807947,217,1
"Athens, OH",0.335915767570212,24569.826611539436,120756.84171512953,521,2
"Athens, TN",0.47348679946824157,46458.26724400809,152617.20927962963,584,0
"Athens, TX",0.4462411429684487,50787.56034108022,177377.15918969072,446,1
"Atlanta, GA",0.525782472123371,73120.38721561425,206312.4665870861,9,1
"Atlantic City, NJ",0.7167759313323938,57635.05970896154,208286.81662880795,180,1
"Auburn, AL",0.40190723688403357,48631.30387851273,192270.10509534884,253,1
"Auburn, IN",0.5019779338313167,39247.97933450237,143694.7339113402,672,0
"Auburn, NY",0.5245340153314305,34548.90985036643,117659.253433,464,0
"Augusta, GA",0.46518438875353474,37621.39312926829,136029.11465701988,96,1
"Augusta, ME",0.7694458825520057,54439.97727830931,153072.2561433444,339,1
"Austin, MN",0.5022365015062382,30688.74829711376,106545.5574023841,698,0
"Austin, TX",0.3592093357181421,105582.16141013702,266031.5254168874,29,1
"Bainbridge, GA",0.4994444839840856,19082.737565433643,101373.6613891275,823,0
"Bakersfield, CA",0.5240506971166716,73437.41018097571,195751.6690484437,63,1
"Baltimore, MD",0.3092231636281382,61755.844393306565,264235.18365960266,20,1
"Bangor, ME",0.6697440573078421,42414.59343575833,142842.5581000662,288,1
"Baraboo, WI",0.38998379406996003,53120.59446198736,206659.9531314433,505,0
"Bardstown, KY",0.5450539257809983,41916.22594630272,136945.35924721477,633,0
"Barnstable Town, MA",0.6604143408953035,124178.6267741258,410847.07170231786,202,3
"Barre, VT",0.44927092565217297,67004.70687940106,216629.318630897,540,0
"Bartlesville, OK",0.46328078899905945,25790.918430243724,102353.38153996688,590,0
"Batavia, NY",0.5364321489756646,29614.60673378276,119005.62647798014,545,0
"Batesville, AR",0.21442502631452026,21018.83566649691,106386.87545509933,571,2
"Baton Rouge, LA",0.21677132203188815,26386.941215278912,175466.71209454545,66,1
"Battle Creek, MI",0.50461196532881,28206.169354880396,98981.43770456953,318,1
"Bay City, MI",0.4705106331188745,21463.630828919588,101045.11026013245,380,0
"Bay City, TX",0.22774005235466924,27773.371618889094,154632.12999842933,751,2
"Beatrice, NE",0.5131567245684846,30817.869872559804,111868.29725306666,891,0
"Beaumont, TX",0.07699676642411107,22968.232554218852,128626.17595528925,140,2
"Beaver Dam, WI",0.48082571121950135,44330.45930912863,174011.877703139,420,1
"Beckley, WV",0.6452114097004421,19008.918626288785,77463.0595555184,358,0
"Bedford, IN",0.49493995812054614,36810.865002811355,119393.37124926968,654,0
"Beeville, TX",-0.024034708709494198,21999.94277084558,135245.1190979747,808,2
"Bellefontaine, OH",0.4326347619619609,37164.839346932225,131383.68970121953,638,0
"Bellingham, WA",0.44774830719540226,129829.77961612078,322163.5824264605,205,3
"Bemidji, MN",0.45290958149604177,36303.36857344573,174066.64356528496,637,0
"Bend, OR",0.5210783278781492,158982.89870794263,338601.45426354517,232,3
"Bennettsville, SC",0.0192990305037379,13600.887386726117,100036.29923679105,846,2
"Bennington, VT",0.46342429346602615,62040.50603859274,218828.2319102649,736,0
"Berlin, NH",0.8285597434173885,42890.33620168737,123322.8243978808,805,0
"Big Rapids, MI",0.37641985586125265,37689.852369390406,127535.55966418269,697,0
"Big Spring, TX",-0.16741869718863817,21899.27879083587,143994.86326683543,770,2
"Big Stone Gap, VA",0.5219463796110552,11964.025040042732,89275.29076401041,695,0
"Billings, MT",0.47847018157959786,66520.265049183,256429.5023572165,239,1
"Binghamton, NY",0.5149659597030807,25303.628705480176,105103.47039089404,195,1
"Birmingham, AL",0.35812038664958773,39572.927125235175,157399.19654933776,51,1
"Bismarck, ND",0.2807154260455969,50785.49868718429,244964.34683659795,324,1
"Blackfoot, ID",0.5970812441459078,82869.52528215823,234853.14831102942,623,0
"Blacksburg, VA",0.39517200384073775,42947.877005617585,164747.72975665564,265,1
"Bloomington, IL",0.42919014896392,21708.009013350213,163846.2223798013,255,1
"Bloomington, IN",0.43782419125063887,50417.21815292194,170518.02406216218,270,1
"Bloomsburg, PA",0.18680969945169223,32695.749655793406,164105.25725066225,439,2
"Bluefield, WV",0.587788683683077,17143.66228856153,85242.95998105961,371,0
"Blytheville, AR",0.3305058885693396,16007.393859477883,58523.81318433333,689,2
"Bogalusa, LA",-0.02234584998874086,19153.133631959765,104262.548035,643,2
"Boise City, ID",0.4944994042650009,117650.72390199096,242909.6303836237,79,1
"Boone, NC",0.6947508666011647,92336.20468904212,264393.2708126667,577,0
"Borger, TX",0.17057731446885985,8648.113795679767,92394.99199520833,899,2
"Boston, MA",0.42085581187569077,117847.49040116387,407216.4682615894,10,3
"Boulder, CO",0.3141409718638494,160497.72280283767,419468.579794702,156,3
"Bowling Green, KY",0.48910015825544556,42668.58841268419,140343.94392334437,248,1
"Bozeman, MT",0.5312993781028612,165314.07582197522,407625.6742087629,356,3
"Bradford, PA",0.21505686391047193,9959.457479425027,86623.04135666667,692,2
"Brainerd, MN",0.5319920574780297,59376.3541499739,205688.1641207921,408,1
"Branson, MO",0.5167191518705992,49378.654881091315,159606.62390259065,561,0
"Breckenridge, CO",0.38584928191120904,234219.41056751227,553567.467494636,811,3
"Bremerton, WA",0.37103093882477023,118369.1147155168,316962.6192490066,181,3
"Brenham, TX",0.3342878417454991,64742.95889850149,244098.58828795812,759,0
"Brevard, NC",0.7534811264003969,87243.85545582192,257299.96328854165,792,0
"Bridgeport, CT",0.5166353285310014,79973.97354930155,426649.0783993377,60,3
"Brookhaven, MS",0.12148539915212021,23712.519546729454,144240.292070073,766,2
"Brookings, OR",0.3578918172521328,91350.90675144663,275016.97773013246,880,0
"Brookings, SD",0.411259544588997,43048.44430145944,209960.31305253165,778,0
"Brownsville, TX",0.5673093767786976,26277.83969143524,126582.80827593105,130,1
"Brownwood, TX",0.3535261924471088,27928.902830142815,133915.83713834197,721,0
"Brunswick, GA",0.5351021283360673,47167.5291892396,175075.64791125827,360,1
"Bucyrus, OH",0.5224734635811255,24335.77846669594,94168.43928934132,683,0
"Buffalo, NY",0.5243749146132106,46898.34368489947,138154.15630248343,50,1
"Burley, ID",0.6547601856326514,70345.52036206365,180545.1594732984,640,0
"Burlington, IA",0.16900346849879713,15091.442887646534,102352.41187673576,649,2
"Burlington, NC",0.6421850625410347,50709.27971801453,199727.8756587156,260,1
"Burlington, VT",0.43300567940582596,81162.89240046153,269298.83061754965,206,1
"Butte, MT",0.7557137131325942,58706.49139639645,158200.46112898734,764,0
"Ca-¦on City, CO",0.4480739622327958,61279.61120942693,252075.54360733944,612,0
"Cadillac, MI",0.40725210025602737,47685.08485544786,110922.60856817258,617,0
"Calhoun, GA",0.6713972774769706,55863.57036320745,144811.27473794873,553,0
"California, MD",0.29467084311763325,64723.14687976508,291797.43765827816,361,1
"Cambridge, MD",0.45169084619753785,47363.13423514382,154059.05034073823,799,0
"Cambridge, OH",0.4083705207307944,23977.87961865124,102758.19033503356,714,0
"Camden, AR",0.1460881797058299,11563.473573926298,71411.59512162252,839,2
"Campbellsville, KY",0.6517968759506846,30018.927323270684,112773.28422432292,739,0
"Canton, OH",0.47800139030115324,28013.017238095308,118683.0470273179,137,1
"Cape Coral, FL",0.5397500626698513,81868.66808864495,222009.84999536423,78,1
"Cape Girardeau, MO",0.3800665518693407,29128.583382175646,151510.1982146597,405,1
"Carbondale, IL",0.24181983382237757,11492.847124650709,105422.1401329703,321,2
"Carlsbad, NM",0.07144170546897675,18856.917812563126,201498.14357155966,530,2
"Carson City, NV",0.4044094865630367,103058.5958065414,258280.761034106,551,1
"Casper, WY",0.3953799727351566,35464.72907827734,214883.38768505747,454,1
"Cedar City, UT",0.5237645117285463,91191.32007226524,233502.1746046875,562,0
"Cedar Rapids, IA",0.33818604433903493,28002.797421352723,144627.07934470198,179,1
"Cedartown, GA",0.7932063542986154,44340.997998845596,97486.61895053691,675,0
"Celina, OH",0.4869316002866856,38466.82349771599,159691.3826078125,681,0
"Centralia, IL",0.3273828353312357,10589.61983227712,84104.28818146788,728,2
"Centralia, WA",0.5436908995328777,100315.82618346032,244663.6184758794,447,1
"Chambersburg, PA",0.37883232421481144,36378.60211907705,182285.0933811189,277,1
"Champaign, IL",0.3438280430761467,23350.619933506507,145158.75415068027,209,1
"Charleston, IL",0.23195633080009573,11350.374503875308,98656.30012911459,549,2
"Charleston, SC",0.5580805744050771,80649.26007228871,236672.79691754968,75,1
"Charleston, WV",0.42970785337427536,13494.686187098578,99096.62011003312,192,1
"Charlotte, NC",0.5715343231931441,72179.05158617992,201068.73010165562,23,1
"Charlottesville, VA",0.42170350827021674,67465.80579622318,278953.87823200005,212,1
"Chattanooga, TN",0.5395870989726362,51901.23299102226,168269.86027980133,102,1
"Cheyenne, WY",0.20745984373202978,67441.7947723999,236301.26935474452,391,2
"Chicago, IL",0.36370865590457435,42580.253574761744,219005.43635331126,3,1
"Chico, CA",0.15559929647535856,76711.72951660646,268009.14364034485,215,1
"Chillicothe, OH",0.4724102970873828,27304.84245505965,122720.17450556293,460,0
"Cincinnati, OH",0.4781967335055384,43771.22368607379,167040.40419635762,28,1
"Clarksburg, WV",0.2982807268194136,22484.88468000875,100580.52204496689,418,2
"Clarksdale, MS",-0.05088846382009813,8779.547838284603,52895.04495091743,889,2
"Clarksville, TN",0.5390329440558432,46072.57386849654,156057.59700430464,163,1
"Clearlake, CA",0.17587777400979507,74000.30054278586,209603.16898990827,492,2
"Cleveland, MS",-0.19248481527523015,10719.478015977691,136870.56550183485,806,2
"Cleveland, OH",0.47884699412797227,30034.4391769969,141511.49772350994,35,1
"Cleveland, TN",0.606087979774419,51884.52441258095,151521.49584741722,334,1
"Clewiston, FL",0.7956877702902238,63266.439899036224,119978.9393870861,704,0
"Clinton, IA",0.2891392919854163,23432.781909995458,120047.74802968421,631,2
"Clovis, NM",0.09748187167952056,10473.979663400336,140561.83894587157,615,2
"Coeur d'Alene, ID",0.6013418672151303,141078.65525202116,303389.8379490566,262,3
"Coffeyville, KS",0.42054408154586226,9617.9935305424,68543.2434157542,803,0
"Coldwater, MI",0.2526317190965507,25084.67549528413,131802.29674933775,660,2
"College Station, TX",0.3179452841793315,49798.51913070968,207349.75098144327,189,1
"Colorado Springs, CO",0.34496561010610666,92443.09363801971,263887.4859960265,80,1
"Columbia, MO",0.5024448274189466,46109.1385524063,186089.7630719149,219,1
"Columbia, SC",0.5066389135752607,36702.47085688404,149486.68814684387,72,1
"Columbus, GA",0.4671604588980512,20257.36853925955,132077.8728037037,158,1
"Columbus, IN",0.4539113135807254,36713.947903468186,166003.06336021126,445,0
"Columbus, MS",0.2724729696474289,20767.389181799343,131484.0314822785,543,2
"Columbus, NE",0.43878460093101596,55918.46030498036,139130.23828874173,780,0
"Columbus, OH",0.49146300579828206,54213.549284462184,174276.34895463576,32,1
"Concord, NH",0.6804089334600031,78003.52378605145,239249.60658112582,285,1
"Connersville, IN",0.6926900223756414,27731.596530754374,88104.95535078652,877,0
"Cookeville, TN",0.5293783228478632,51778.01892399445,144130.16562254966,363,1
"Coos Bay, OR",0.44561654566396014,69658.5474493962,210254.24703786406,514,0
"Cordele, GA",0.46610067765625773,16310.837146157226,83258.21506970198,905,0
"Corinth, MS",0.2787671013788864,18256.128776647274,119290.61222151898,765,2
"Cornelia, GA",0.7014606597045587,63995.205649858435,165786.5525,644,0
"Corning, NY",0.3921794680014595,20352.707784641247,102187.10131523179,413,0
"Corpus Christi, TX",0.202257568213213,33600.60831056852,156007.99007950822,129,1
"Corsicana, TX",0.5323056839236552,42699.14552055692,130309.565145,592,0
"Cortland, NY",0.4237540746463301,27527.39661844537,111468.55761430465,629,0
"Corvallis, OR",0.39447196706150217,103758.50343801177,306635.03785448504,411,1
"Coshocton, OH",0.48355716581701946,28034.965447612023,103753.80273182293,747,0
"Craig, CO",0.553308486787512,45617.85568534692,162744.27480168876,937,0
"Crawfordsville, IN",0.5123788478895848,35632.22837976934,127780.59912468749,722,0
"Crescent City, CA",0.31063578826567895,64376.69017670821,243190.29300184333,840,0
"Crestview, FL",0.44921441883209395,86099.346543012,253864.510407947,176,1
"Crossville, TN",0.6810105749029439,53256.455995681805,152578.7934197659,534,0
"Cullman, AL",0.3650129486064481,39776.76014935621,143727.3681673913,424,1
"Cullowhee, NC",0.6664613899981398,68369.9680665171,242771.85911185568,554,0
"Cumberland, MD",0.37818260129765496,20745.08490592455,102839.00607754265,409,0
"Dallas, TX",0.42705124330976263,80157.18497919058,199852.10314451827,4,1
"Dalton, GA",0.5562735436030549,42188.956395083886,123698.83009787374,305,1
"Danville, IL",0.3203302680159267,10743.274981873987,57781.39891417218,472,2
"Danville, KY",0.5834440096113052,31624.87530774537,112856.29009215233,574,0
"Danville, VA",0.5897824818923191,19853.446842542886,96332.16081413906,385,0
"Daphne, AL",0.48089270744416146,69148.5675579424,220437.52886622518,203,1
"Davenport, IA",0.22945857082223264,18451.518281926612,132304.2312673387,144,1
"Dayton, TN",0.48160239280126466,47395.3697938292,123930.65246668876,797,0
"DeRidder, LA",-0.14939136923314966,17343.60840238158,172039.21038980893,749,2
"Decatur, AL",0.40727712187108217,43988.35744384971,134993.94543327353,276,1
"Decatur, IL",0.3447595721653844,9261.921121514946,82911.47586638796,378,2
"Decatur, IN",0.5203671761246798,35464.038619014544,139605.73164659686,757,0
"Defiance, OH",0.43560241758650964,24165.598350266187,109499.41248933774,716,0
"Del Rio, TX",0.3352786491979072,30324.658330843595,144849.70583678756,622,0
"Deltona, FL",0.49201777561746496,71877.76507823031,186575.6561565563,90,1
"Deming, NM",0.2589149648694653,14495.995633013476,124689.58518481012,861,2
"Denver, CO",0.3329440626067981,127021.59953755811,328317.26229966886,19,3
"Des Moines, IA",0.3404742440663404,45325.56895208287,171478.27505099337,84,1
"Detroit, MI",0.40331257298329604,44804.15251762014,147195.0747005298,14,1
"Dickinson, ND",0.19820562495749594,35119.463842253055,240726.8337930851,785,2
"Dixon, IL",0.3694772229561571,24703.146096555618,116574.84908619469,775,0
"Dodge City, KS",0.6938056398114466,31924.578854504914,138929.05002201835,772,0
"Dothan, AL",0.3804123393905988,22039.61620165185,122716.9517830466,293,1
"Douglas, GA",0.47207647246166967,19375.375423004552,91331.07227466666,596,0
"Dover, DE",0.5192900498260423,56830.424278299,229133.47769361702,244,1
"DuBois, PA",0.05866217697129612,20630.691477309563,93469.82485662251,450,2
"Dublin, GA",0.37240362536838156,21480.011951517754,104931.69367662251,511,0
"Dubuque, IA",0.37841435413781765,33618.37399199686,176708.03201554404,396,1
"Duluth, MN",0.4270583683786023,34933.582548946666,151190.61470323885,171,1
"Dumas, TX",0.15995085271077,23631.365169564004,136334.19015132912,897,2
"Duncan, OK",0.5653539392864793,17977.243209802236,80536.40719583334,673,0
"Durango, CO",0.5587770054964788,117084.75251829902,411939.84863247426,567,3
"Durant, OK",0.5036513972168104,43102.81856545316,119019.04919043623,641,0
"Durham, NC",0.5361917609591977,72119.5317071887,226768.98509966777,95,1
"Dyersburg, TN",0.2955108133321874,19892.188534398247,104757.9905754698,740,2
"Eagle Pass, TX",0.43365785754231045,24684.720637435334,160197.81066321244,552,0
"East Stroudsburg, PA",0.7118115423572638,49877.941718013164,183469.6070190678,263,1
"Easton, MD",0.423534693392331,69893.17660249148,326922.00804731547,729,0
"Eau Claire, WI",0.4768395691604554,51917.86010276405,186935.0375329897,258,1
"Edwards, CO",0.843083360849607,269899.1119429433,623820.0783849498,566,3
"Effingham, IL",0.2923817353027857,28311.068520245888,150400.1303238342,771,2
"El Campo, TX",0.17101775759201132,36539.97765668883,150388.5297868421,685,2
"El Centro, CA",0.424083293938456,70467.39140499909,192303.94002782006,245,1
"El Dorado, AR",0.08876712791945966,14285.699175226615,95914.9985529885,706,2
"El Paso, TX",0.5487630860740952,32719.806550864494,134075.5582198013,69,1
"Elizabeth City, NC",0.5627777523429313,30565.589241184593,175645.8910606796,582,0
"Elizabethtown, KY",0.5124387473696808,33958.42265166019,135991.70920226665,281,1
"Elk City, OK",0.26858102968456216,10071.766178902008,113867.00331667786,884,2
"Elkhart, IN",0.472357520939572,42916.333131918866,143470.5917876033,223,1
"Elkins, WV",0.42051312533889906,14041.096382129963,115404.15432330276,836,0
"Elko, NV",0.32524019930202624,42091.94210880303,251097.21450463915,573,0
"Ellensburg, WA",0.44031968191744364,108676.32461550798,313858.49079742265,663,3
"Elmira, NY",0.3901738888065033,22150.94056611222,91919.49770852842,432,0
"Emporia, KS",0.4668554664142092,25856.930439299642,108230.96301871509,767,0
"Enid, OK",0.2750592085511734,15940.753581127741,90810.00347644067,523,2
"Enterprise, AL",0.375998352837235,23326.43658811679,147268.90457189543,585,0
"Erie, PA",0.5115443163322574,26297.53870732625,119262.71664397352,184,1
"Escanaba, MI",0.4977827218455469,22730.19045474018,116320.00434619632,742,0
"Espa-¦ola, NM",0.4303161183119076,44544.587714435766,230514.15238797467,693,0
"Eugene, OR",0.40396596929246015,89706.49854919613,250124.9432602649,146,1
"Eureka, CA",0.07274178647639261,77226.73041594148,333338.7011451724,315,2
"Evanston, WY",0.5632831520822549,49501.23040851162,204631.72524166666,906,0
"Evansville, IN",0.45644012820180596,29874.59259560789,124386.16406731789,165,1
"Fairbanks, AK",0.10457966208480712,31113.219993097995,235686.28012904566,407,2
"Fairfield, IA",0.33763913621326685,26403.944819216187,118452.84946610525,930,0
"Fairmont, WV",0.30450134050701655,20667.195291610937,111119.8805175,556,2
"Fallon, NV",0.452381833071422,86881.36164337842,217660.65253575132,863,0
"Fargo, ND",0.23329792535864147,42855.46845517769,225710.7109340206,194,1
"Faribault, MN",0.35883501699015397,54060.16053429457,203293.99439587627,498,0
"Farmington, MO",0.49241180822964054,33714.63620475125,117184.47840497007,495,0
"Farmington, NM",0.3492920628363355,27966.429806908513,177908.14249891305,342,1
"Fayetteville, AR",0.6515002442470234,62448.378414902836,180988.7560956376,108,1
"Fayetteville, NC",0.6106214856470918,34332.154647428506,143589.47976821192,109,1
"Fergus Falls, MN",0.4628020768128752,54283.98188811661,213321.92031455695,539,0
"Fernley, NV",0.36572523990617783,101655.03443567218,227122.80661493025,550,1
"Findlay, OH",0.4198346131220079,29027.941190036407,141046.7798307947,470,0
"Fitzgerald, GA",0.6248823641376926,16078.143737613414,69930.93823278145,923,0
"Flagstaff, AZ",0.6262600103351693,131654.97662618093,315143.12751589407,302,3
"Flint, MI",0.4639132947285543,32875.33157424189,96584.47406471761,135,1
"Florence, AL",0.4744403453466398,32610.049045710144,138502.89719944444,292,1
"Florence, SC",0.40662330197017055,22692.587053429266,122528.6675940171,228,1
"Fond du Lac, WI",0.5331622326836591,40104.34339130066,164232.58008469388,381,1
"Forest City, NC",0.47413249323823836,40704.83530488126,112779.03533577181,515,0
"Forrest City, AR",0.03353929747237712,7578.521382063574,63324.84146913907,876,2
"Fort Collins, CO",0.32571658199263903,112455.17598732193,319277.48539668875,152,3
"Fort Leonard Wood, MO",0.5252161292132389,24523.58188467173,150002.70845108695,580,0
"Fort Madison, IA",0.18143430617454961,14675.418979484895,86672.0636431088,548,2
"Fort Morgan, CO",0.3682619814571011,75771.84271041206,221737.3540993671,827,0
"Fort Polk South, LA",0.09939138089929588,11287.866400162411,138653.6013479532,611,2
"Fort Smith, AR",0.41589601545557925,26041.683191811004,118749.64490427154,196,1
"Fort Wayne, IN",0.5516988733343361,41270.68046936486,134308.38011930505,132,1
"Frankfort, IN",0.6309903206749546,32259.76737337505,106487.6061405,790,0
"Frankfort, KY",0.6041719273968288,33094.65622437663,133212.55122824505,471,0
"Fredericksburg, TX",0.442230890880023,102521.65423539712,311930.2234104712,847,0
"Freeport, IL",0.5714398633675355,21904.874222841,84316.41082497816,657,0
"Fremont, NE",0.4701505710004558,43312.45703591844,137590.44549783505,735,0
"Fremont, OH",0.5032601405873814,19934.743780047567,113585.21619562914,541,0
"Fresno, CA",0.4446409425910498,82026.90148923243,228648.87638774834,57,1
"Gadsden, AL",0.3960072714175176,28428.364798846556,102403.77541813868,383,0
"Gaffney, SC",0.21218309465001017,32663.196310428222,123729.50374489691,558,2
"Gainesville, FL",0.47377088561404457,53398.61026403611,177483.9473251656,155,1
"Gainesville, GA",0.6195950110415803,70854.13151269703,201870.73259172187,226,1
"Gainesville, TX",0.4476968875885251,64277.182014562604,183498.7368734375,687,0
"Galesburg, IL",0.1031683241595012,8990.009156042774,83462.33749402061,600,2
"Gallup, NM",0.22929211239386968,22153.176228784345,166508.84109303798,480,2
"Garden City, KS",0.37458692014151707,35837.30532851999,152395.21945416668,679,0
"Gardnerville Ranchos, NV",0.35269092234612354,138183.30345070956,393555.66278538207,610,3
"Georgetown, SC",0.5692658955559393,70185.45012120961,257371.81904805196,520,1
"Gettysburg, PA",0.40646870444173194,51797.93282645629,190616.76168796665,382,1
"Gillette, WY",0.3668802700876062,26784.184253440566,256487.29679533676,531,0
"Glasgow, KY",0.5412658520189036,35286.981563961854,96705.99151892618,575,0
"Glens Falls, NY",0.4664875978099125,48260.63525661597,164192.92259518272,331,1
"Glenwood Springs, CO",0.674604736859246,200341.06433608732,432976.2204172185,456,3
"Gloversville, NY",0.4764557581784264,32832.70526924096,112586.21050155628,579,0
"Goldsboro, NC",0.3724155887123356,24365.197883028588,113281.50384245033,350,1
"Grand Forks, ND",0.23191291313917842,24477.9632835382,205168.659193007,377,2
"Grand Island, NE",0.44150690649884194,41338.07817075572,143589.21773744,462,0
"Grand Junction, CO",0.49262834011241147,72899.06094248513,229314.46673476818,280,1
"Grand Rapids, MI",0.496391346951444,60345.32261665356,172505.94260827816,53,1
"Grants Pass, OR",0.3021506579624839,84175.41764353302,230963.88324451828,422,1
"Grants, NM",0.4456034027975369,20334.97750809213,105447.6581157798,845,0
"Great Bend, KS",0.45345538126252616,11774.306530682428,82565.24276504587,857,0
"Great Falls, MT",0.6362278245103777,50356.7681554965,192499.1875924528,433,1
"Greeley, CO",0.31305116113594594,111802.63629707672,276032.74410496687,161,1
"Green Bay, WI",0.5665938137544837,50427.88004378911,171248.46534642857,157,1
"Greeneville, TN",0.6478941745420079,41068.75021684356,115400.29325086092,486,0
"Greensboro, NC",0.5071689490324555,40615.32914377332,144667.35170728478,76,1
"Greensburg, IN",0.4483365681163558,38652.06640534592,155292.1710398734,850,0
"Greenville, MS",-0.293274826694441,10084.869473265708,71119.65083714286,648,2
"Greenville, NC",0.599632342977018,37566.62080022889,152188.8044585366,259,1
"Greenville, OH",0.5427987574398708,24539.522394197353,124352.38555151007,593,0
"Greenville, SC",0.4953905743327479,51855.18876085769,165248.35834569536,61,1
"Greenwood, MS",0.06125685934522409,16577.990445926487,75613.0762492258,713,2
"Greenwood, SC",0.4462425377539935,28758.39485505339,90823.49067728476,488,0
"Grenada, MS",0.19527159921242745,12192.292292834405,89905.43641623853,894,2
"Gulfport, MS",0.3762030886218548,34288.80087849333,145619.1862721591,133,1
"Guymon, OK",0.3259198544550091,20174.155601763745,125179.66402201835,898,2
"Hagerstown, MD",0.4934034761785149,45306.53853656609,191542.61075463574,170,1
"Hailey, ID",0.7405361928077336,202557.86689724354,513242.9919989637,866,3
"Hammond, LA",0.11357616912329237,22671.780147774407,174402.93066729858,325,2
"Hanford, CA",0.46983093628979994,65526.48747414608,202272.39343551724,290,1
"Hannibal, MO",0.5319533441810086,28061.38366079193,121889.5663183598,709,0
"Harrisburg, PA",0.44857695084882854,41405.1402999989,175991.89749072847,99,1
"Harrison, AR",0.6357237377698517,35019.316453945205,119896.58126093647,658,0
"Harrisonburg, VA",0.41419776334665875,47130.709635378254,223737.11619838708,317,1
"Hartford, CT",0.574692491738087,45589.63270350734,231199.4779665563,49,1
"Hastings, NE",0.37017340151700534,32485.92039449589,120543.59625776923,807,0
"Hattiesburg, MS",0.28891848729768066,23779.963611195148,153008.36327025315,255,1
"Hays, KS",0.32056417246258,23091.42842870319,183452.33009174312,826,2
"Heber, UT",0.6664735275155237,271611.52271059,613029.4549398964,467,3
"Helena, AR",-0.1673717302831054,4055.867745209142,54651.08924713287,927,2
"Helena, MT",0.6387201901901297,89662.54670654549,270785.43657202076,441,1
"Henderson, NC",0.49907358156468246,30952.78458081193,105737.41978185184,676,0
"Hereford, TX",0.4573437723914139,33477.23891499291,106693.95755158228,918,0
"Hermiston, OR",0.46900306634343386,58095.405040487974,188157.69092525772,417,1
"Hickory, NC",0.5988493656268844,43990.46156373978,132309.43798201988,150,1
"Hillsdale, MI",0.35173440820449653,35415.98637612094,122907.69609390244,645,0
"Hilo, HI",0.46213318739941267,93494.6488408139,424499.8170033333,229,3
"Hilton Head Island, SC",0.6494025166175713,84384.60351004745,299499.56487317884,216,1
"Hinesville, GA",0.6571951785283382,31418.042767671013,149598.700104698,449,0
"Hobbs, NM",-0.21533011724263137,16183.468660962584,195581.50761041665,481,2
"Holland, MI",0.4882774355286767,53248.24791854913,172477.69508504984,347,1
"Homosassa Springs, FL",0.6265254953073217,56474.118968608076,149223.9515955298,289,1
"Hood River, OR",0.42693235332870194,145010.23702950368,367708.5217019868,875,3
"Hot Springs, AR",0.5833176637276328,41130.984455855905,135980.20091039734,392,1
"Houghton, MI",0.328803680212262,16815.539593945115,109905.00554066226,702,2
"Houma, LA",-0.07949877708220128,11649.975545585554,173209.68529639175,221,2
"Houston, TX",0.36241080016837196,57691.92275587599,182568.7782781457,5,1
"Hudson, NY",0.6632362302545354,82227.89795340893,224883.83116589402,528,0
"Huntingdon, PA",0.3437012681438142,26789.137965517126,123635.68496140624,662,0
"Huntington, IN",0.5317247856333047,32022.812834712386,117974.61337238342,748,0
"Huntington, WV",0.32933238505407986,17614.07174980156,103227.47557536913,151,1
"Huntsville, AL",0.47729991883849765,70153.4045149365,157398.0166802414,114,1
"Huntsville, TX",0.277843571325389,48116.156513850554,187486.3724911917,465,2
"Huron, SD",0.20566897473926662,21942.64487014431,172482.7388587156,901,2
"Hutchinson, KS",0.46713857303795614,21170.844435298954,95394.38141352273,527,0
"Hutchinson, MN",0.44375683361347606,47552.606033361364,165765.2919483871,746,0
"Idaho Falls, ID",0.556949611654281,87522.45927584941,198086.71768443708,279,1
"Indiana, PA",0.3093316439859661,17961.145117316435,110951.10940937823,436,2
"Indianapolis, IN",0.5024512781726822,51131.03341243934,159193.96687816092,34,1
"Indianola, MS",0.0505573434328053,7597.6862772715385,82146.67259045871,851,2
"Iowa City, IA",0.284906765764179,36708.443302315485,206881.1391443299,252,1
"Iron Mountain, MI",0.37157859695528866,23776.626836355004,112070.07682224139,818,0
"Ithaca, NY",0.4757840565681839,63014.5525760847,181554.84643576157,376,1
"Jackson, MI",0.3662639164312336,38422.1209779432,122228.1368790566,272,1
"Jackson, MS",0.3366164935558121,26894.0812050189,131131.06892357414,98,1
"Jackson, OH",0.3941935348116806,20270.626446168197,84193.36517198675,798,0
"Jackson, TN",0.475309880244325,28988.388997571354,115123.32655642384,246,1
"Jackson, WY",0.7631474991396708,331701.56506007025,792050.5374626317,768,3
"Jacksonville, FL",0.48995060158623677,69338.9787645458,200031.7455615894,40,1
"Jacksonville, IL",0.12822523891018525,6607.0624102808115,97623.37331933333,719,2
"Jacksonville, NC",0.5610494282140747,37920.159306186906,178199.5862795745,227,1
"Jacksonville, TX",0.5332748772527002,40642.376138060055,138736.23616614583,599,0
"Jamestown, ND",0.09617562831437534,8238.674120652671,190788.3937090909,892,2
"Jamestown, NY",0.612569773354694,27129.347558455556,88465.33223135762,328,1
"Janesville, WI",0.5358009319650471,48215.247682434405,165346.62082658228,268,1
"Jasper, IN",0.4136843713841718,34647.88873160764,142485.8200869159,565,0
"Jefferson City, MO",0.4750623308568767,38243.53450379341,160715.42738719212,291,1
"Jefferson, GA",0.6051308012421984,81514.59947532268,194421.19207166668,477,1
"Jesup, GA",0.4873080992098032,28435.387903719162,115933.44073894041,819,0
"Johnson City, TN",0.6025484544107367,46466.89405735097,139001.89971254967,224,1
"Johnstown, PA",-0.017238727112623985,10634.187313165789,98307.16532641975,322,2
"Jonesboro, AR",0.344588400364263,28251.104456295336,120388.21589360926,323,1
"Joplin, MO",0.5365506741578301,42630.55189189447,120862.60709764707,243,1
"Juneau, AK",0.20501566419945663,60166.57075129702,366744.8705240506,802,2
"Kahului, HI",0.537520566830397,228852.90921636086,542418.2840380796,267,3
"Kalamazoo, MI",0.39987119809130006,39873.52829452577,153792.64969801327,190,1
"Kalispell, MT",0.8148734572609219,147584.74619699115,355475.4258231579,384,3
"Kankakee, IL",0.40446073281612444,25597.901473981678,139867.6013062827,370,1
"Kansas City, MO",0.45661879244020787,52966.54033132379,169321.71235562913,31,1
"Kapaa, HI",0.5400467981240925,223542.67437307886,475585.52582715236,478,3
"Kearney, NE",0.36617779608102663,46362.65754297167,181747.17022972973,555,0
"Keene, NH",0.729261456411755,60723.455443857674,187056.79217,466,0
"Kendallville, IN",0.5260809864022928,42130.63949543435,147611.45303246836,627,0
"Kennett, MO",0.03555530347895557,5962.08376953393,77600.06428968586,830,2
"Kennewick, WA",0.37655892186550805,88571.43992252156,229529.95214161073,168,1
"Kerrville, TX",0.3672041315775797,70492.10745408126,227109.19203246752,589,0
"Ketchikan, AK",0.15522490014198467,57979.92198854858,283166.5603810924,936,2
"Key West, FL",0.6190350015510621,193534.9714609691,722926.1045752293,442,3
"Kill Devil Hills, NC",0.6511144451272214,97730.91572503313,348684.6751963087,744,3
"Killeen, TX",0.46773870071889634,45925.337609390175,166581.40187664976,120,1
"Kingsport, TN",0.5642241195401024,35786.36747106427,127916.5159228808,167,1
"Kingston, NY",0.7309573718471849,69595.66861673792,226048.64925629136,241,1
"Kingsville, TX",0.15683602907081992,17230.3703040202,112163.92758380208,809,2
"Kinston, NC",0.7474696028465587,23251.451776519796,83815.15770554054,568,0
"Kirksville, MO",0.2953994780027073,22415.476650075212,128694.74166411393,821,2
"Klamath Falls, OR",0.5641686593864975,58017.88726570742,148347.13543754967,490,0
"Knoxville, TN",0.7404753554675156,62913.51660367134,167212.35345066225,65,1
"Kokomo, IN",0.5354182128419476,30399.101656909974,102977.73835360825,438,0
"La Crosse, WI",0.4263293539777892,43115.15701735199,182346.67473759124,311,1
"La Grande, OR",0.5080583710079519,54718.751336225556,198303.5860397906,852,0
"LaGrange, GA",0.6066755545202501,30559.157688460808,102111.41093412752,379,0
"Laconia, NH",0.7725398711763091,88595.63735228137,234305.38283013247,519,0
"Lafayette, IN",0.5233532329709609,42355.07365195225,146004.4265665563,208,1
"Lafayette, LA",0.04772309597845746,20004.309428923392,163712.01644806203,116,2
"Lake Charles, LA",-0.12924118487284056,8445.526044789322,200075.95497706422,213,2
"Lake City, FL",0.6118543633238183,48906.51616248155,139713.39698013378,489,0
"Lake Havasu City, AZ",0.4639776503684293,76549.90962618034,198648.19374301325,218,1
"Lakeland, FL",0.5340411744613667,67236.26753149107,161563.46924215945,82,1
"Lamesa, TX",-0.034279372312393176,12488.553326921989,89578.08456952096,939,2
"Lancaster, PA",0.48567574063080693,54121.72915798357,216091.997300369,104,1
"Lansing, MI",0.4188634256644047,35728.71523572781,132825.85729251656,107,1
"Laramie, WY",0.43185206819529814,53513.03005199047,249468.08577239583,733,0
"Laredo, TX",0.21899857324846062,30727.688452355735,157686.52057783506,187,1
"Las Cruces, NM",0.553699749678462,36566.961876072695,190120.42351454546,214,1
"Las Vegas, NM",0.27471476509907206,26313.436900885325,174772.80202658227,804,2
"Las Vegas, NV",0.46986644223041996,90827.0772233989,243583.8064619205,30,1
"Laurel, MS",0.22070052397383663,14633.989502556353,119061.71374702531,434,2
"Laurinburg, NC",0.7234542591776811,19168.376273871538,77998.70013355483,776,0
"Lawrence, KS",0.48575471979541957,49488.382062106735,190725.8386979757,349,1
"Lawrenceburg, TN",0.5099629566028581,45446.928546052884,117696.02021213333,665,0
"Lawton, OK",0.3925388119536254,12321.09888811589,104656.7801942761,332,1
"Lebanon, MO",0.5065392700809718,35719.43540152282,137173.5229341969,755,0
"Lebanon, PA",0.4715818025028248,36765.70633512817,188196.96474243698,306,1
"Levelland, TX",0.12282237883255669,19368.361708336626,123155.30424270833,893,2
"Lewisburg, PA",0.34859926882465414,35015.01645308926,193153.38177088607,671,0
"Lewisburg, TN",0.505051508542594,72159.34196497173,148456.21877248323,783,0
"Lewiston, ID",0.5141902624761759,67693.10467058467,226564.14715208334,518,0
"Lewiston, ME",0.7100471622728652,58325.54201864551,159118.64563013247,367,1
"Lewistown, PA",0.5544491405486315,27884.204896612406,117301.03674190477,636,0
"Lexington, KY",0.513266481013984,45887.00772956346,172236.45613112583,110,1
"Lexington, NE",0.42061669620582015,34146.72965950254,124587.00695686274,856,0
"Liberal, KS",0.27933428810852845,15275.905264428195,119523.57962314815,885,2
"Lima, OH",0.48715936345879557,23847.052564534424,107040.84477623334,387,0
"Lincoln, IL",0.1441785337521243,8619.401876235153,107809.79171014925,834,2
"Lincoln, NE",0.39832511082002825,45330.7630923378,173390.06413046358,154,1
"Little Rock, AR",0.3438381828193966,29001.95272200315,149474.6275129568,81,1
"Lock Haven, PA",0.31206380077112417,21477.70706506379,139312.32077720208,727,2
"Logan, UT",0.5272599871582693,93435.03811255221,259213.82874605808,301,1
"Logansport, IN",0.6330146694282597,28262.591609758012,97189.0322335443,723,0
"London, KY",0.44566393079816563,24182.106488862846,86459.71269738411,294,1
"Longview, TX",0.32052994146673525,35662.04219126491,130903.30943318937,173,1
"Longview, WA",0.413146095392844,92488.96275834487,247846.74580360827,368,1
"Los Alamos, NM",0.5125958493367886,105255.69595909107,351362.54545624997,916,3
"Los Angeles, CA",0.43373459074276577,194104.46354241777,537551.7664235099,2,3
"Louisville, KY",0.38992840205399026,40763.030595764816,155020.70448543047,46,1
"Lubbock, TX",0.31223819755280263,34802.247552650704,131702.74128360001,162,1
"Ludington, MI",0.4780442163551386,33936.68780276087,154233.8311784053,822,0
"Lufkin, TX",0.3098398025206596,31732.299441390256,119313.57999274835,425,2
"Lumberton, NC",0.585066588203701,23326.105240379937,99717.846146789,348,0
"Lynchburg, VA",0.502780875041332,38941.96694796866,163636.19889834436,191,1
"Macomb, IL",0.14673861219545986,6998.152369459872,79901.0028348495,838,2
"Macon, GA",0.5135427298712802,26893.151951505184,110832.98574324504,200,1
"Madera, CA",0.4711194352587228,87891.70708771891,226226.2429236842,275,1
"Madison, IN",0.5200818498215719,40729.12543990495,136353.32242962025,791,0
"Madison, WI",0.4434911490864065,69027.07321321682,237698.74741556292,88,1
"Madisonville, KY",0.5213622494991208,20091.794758529,86572.9055735906,650,0
"Magnolia, AR",0.041528324881388225,17323.059559752564,100871.78304937086,883,2
"Malone, NY",0.40502903374380045,25168.503725015737,101433.25498675497,621,0
"Malvern, AR",0.3261932249837402,26419.408842014647,102506.29995195364,789,2
"Manchester, NH",0.6218851261466573,80658.07932562025,267815.05667814566,131,1
"Manhattan, KS",0.3336556569009449,30679.434679517384,176718.15096102562,320,1
"Manitowoc, WI",0.6056702766125802,32227.99925386054,131788.81090798657,448,0
"Mankato, MN",0.34898164714157315,39295.7928775888,193368.82944692308,386,1
"Mansfield, OH",0.5845662918468753,27041.867883726587,99520.28678268456,337,1
"Marietta, OH",0.2764343840969899,25016.295591809157,124056.73482142384,538,2
"Marinette, WI",0.5733993131489703,26962.979168285703,103559.31227228478,507,0
"Marion, IN",0.5108506095573699,18052.565620876125,86238.37787589928,497,0
"Marion, NC",0.4659771766017421,43498.71699470707,193312.7127,661,0
"Marion, OH",0.5547285026061902,29801.272921282438,102253.98673270833,504,0
"Marquette, MI",0.4943547325763459,37068.07872806267,129214.84212500001,500,0
"Marshall, MN",0.2810340416497681,21268.009499691696,161301.96767647058,860,2
"Marshall, MO",0.1472394032907867,17631.90557016909,134099.65087879746,879,2
"Marshalltown, IA",0.35179558325314814,24310.92487153179,109596.858726943,696,0
"Martin, TN",0.5367560338080488,23519.912360971448,97450.67587006644,794,0
"Martinsville, VA",0.5743679529240071,14106.242261598249,93561.03612913043,516,0
"Maryville, MO",0.39205808183476604,31982.50598336219,144117.52897594936,895,0
"Mason City, IA",0.4080388999742722,31102.61469393572,121641.09873689119,598,0
"Mayfield, KY",0.6469099090314003,25543.619720939205,79720.35645269231,743,0
"Maysville, KY",0.6867804282359993,24655.918612210095,97443.82556623594,925,0
"McAlester, OK",0.39076719859467385,18087.912905855064,89326.09291847682,666,0
"McAllen, TX",0.5779244729437293,35084.937467489035,110523.73868845795,67,1
"McComb, MS",0.021224625669666458,6783.966391536,89250.083255625,694,2
"McMinnville, TN",0.551239676252473,46370.89764644504,118251.7437081,690,0
"McPherson, KS",0.32860087620431666,25826.40673179876,158085.99793731343,820,2
"Meadville, PA",0.2940930218957627,26743.762065728857,100453.45318470198,431,2
"Medford, OR",0.2976965995061341,81340.90729568126,271632.9429125828,210,1
"Memphis, TN",0.4410100218717894,39766.47081112027,140473.70721125827,44,1
"Menomonie, WI",0.4790481825975135,54338.099248363724,182376.80803865977,651,0
"Merced, CA",0.4280285737041167,95695.04015207954,242911.13680346022,177,1
"Meridian, MS",0.21434059768948382,8144.314772553259,101022.88166867087,397,2
"Mexico, MO",0.45937112256019913,21491.712883006927,102366.71485804781,862,0
"Miami, FL",0.5984008200134956,101965.3945385287,247392.4242460265,8,1
"Miami, OK",0.5420333538817573,21583.386978743376,71522.09757251655,817,0
"Michigan City, IN",0.5383293887502292,38293.154550563486,147461.74917564768,365,1
"Middlesborough, KY",0.04310975326819818,6252.43822829964,79034.78250154255,870,2
"Midland, MI",0.4481753957050321,29822.678127877243,133079.87987781456,437,0
"Midland, TX",0.09813461341147209,50346.624285381484,230857.34064690722,254,2
"Milledgeville, GA",0.4426912977108839,33235.95454358496,124292.35441815385,588,0
"Milwaukee, WI",0.4192598957086402,50207.65075170375,211376.61421125827,41,1
"Mineral Wells, TX",0.456437242502253,52410.5554330567,160714.042371875,833,0
"Minneapolis, MN",0.26638000661990713,61537.13593107227,241341.07380860925,16,1
"Minot, ND",0.3207021182415249,24841.411393145136,211616.66597239583,458,2
"Missoula, MT",0.6875759275150597,113665.14680216929,303855.28048423235,354,3
"Mitchell, SD",0.4187972006302168,33912.40102075896,180122.58630454546,878,0
"Moberly, MO",0.49998714465187916,25880.251347385834,107714.83046265824,869,0
"Mobile, AL",0.40794088055518046,26686.656594501957,120431.48905754968,127,1
"Modesto, CA",0.4000840151083205,104476.5124461138,274975.2266208609,103,1
"Monroe, LA",0.19439027785195015,23132.000924952623,109687.55611463333,222,2
"Monroe, MI",0.3482312688803602,33643.44535832734,164723.19336225165,283,1
"Montgomery, AL",0.3517803451549841,21405.808702415234,136790.19798509934,143,1
"Montrose, CO",0.5300378877112762,97018.87848393591,235752.12359899326,628,0
"Morehead City, NC",0.6169178508717881,80465.41133215434,254610.19538278147,491,1
"Morgan City, LA",0.09370863697973465,3211.76214111312,115188.42937948718,605,2
"Morgantown, WV",0.2864947177170587,30257.939806877104,157612.70402073578,310,1
"Morristown, TN",0.5861269991125378,48632.51282781304,141689.75163217392,307,1
"Moscow, ID",0.4941285002061929,81157.53551692105,288545.88860314136,703,0
"Moses Lake, WA",0.5340047097980707,70317.28982927332,214412.4413082474,403,1
"Moultrie, GA",0.3516204271894661,17127.33720687664,96043.11023248345,642,0
"Mount Airy, NC",0.6676698244103985,35228.42299768836,128980.5964056701,484,0
"Mount Pleasant, MI",0.3410461884012379,33813.807957659716,141020.5118599367,502,0
"Mount Pleasant, TX",0.4143204983252547,44175.07599901518,142136.41415,667,0
"Mount Sterling, KY",0.42052437714466767,27646.23752154258,102901.18887599338,630,0
"Mount Vernon, IL",0.16137943678123662,21588.07537398455,114498.7085211917,731,2
"Mount Vernon, OH",0.5565740140420945,57956.88825514461,152153.08290160622,524,0
"Mount Vernon, WA",0.4675513390462195,123126.47508862315,297320.8276771523,327,3
"Mountain Home, AR",0.4435434190309979,34289.07161185099,140587.54318302326,686,0
"Mountain Home, ID",0.6874437725992159,78732.4528557988,179108.00735688888,832,0
"Muncie, IN",0.6449910634729721,25527.487742750473,92272.92796062176,364,0
"Murray, KY",0.5062195375144466,29662.714833087695,62477.59846635761,734,0
"Muscatine, IA",0.30911536515231286,26320.10456101595,132972.14347216496,670,2
"Muskegon, MI",0.5266687875406266,43823.77569998085,116584.9465652649,250,1
"Muskogee, OK",0.5680507102172916,20011.12067083329,87225.08611634228,496,0
"Myrtle Beach, SC",0.5399837918555889,57180.29879955091,203001.252785,117,1
"Nacogdoches, TX",0.31756095228473735,30450.9055212288,159622.8270896373,512,2
"Napa, CA",0.26675564870067364,181256.5159435839,563861.5738665563,312,3
"Naples, FL",0.6378450044685136,119156.20420483635,338452.9598385382,147,3
"Nashville, TN",0.47751338166988533,93171.16313571703,227949.07522549666,37,1
"Natchez, MS",0.0843154528960118,11897.29065649482,92054.79425443924,613,2
"Natchitoches, LA",-0.02539281925895241,8731.77284405841,161051.39830944882,725,2
"New Bern, NC",0.5846359583214745,36806.27134806191,147100.20548006624,341,1
"New Castle, IN",0.5712582556277859,31323.765811065794,100515.52911056996,614,0
"New Castle, PA",0.40277266977119747,21221.66819579556,102817.65573995671,427,0
"New Haven, CT",0.6109232305847495,50694.44554071837,235238.89613940398,68,1
"New Orleans, LA",0.020420792535303347,33471.04239428757,196330.62177913907,47,2
"New Philadelphia, OH",0.41920487136526163,28722.30408305492,122552.15268986578,414,0
"New Ulm, MN",0.388171285992539,29312.190850615654,149126.74701518987,855,0
"New York, NY",0.347087567920812,105579.49261197691,433748.38833410596,1,3
"Newberry, SC",0.3048791893638632,37411.675446390844,166176.3519187166,726,2
"Newport, OR",0.5492281766013158,100802.60126855267,246904.963283612,604,0
"Newport, TN",0.4034802298714871,43705.38057600852,118722.84452834437,756,0
"Niles, MI",0.4519048366027555,36758.09784406405,152657.5557331126,282,1
"Nogales, AZ",0.5484563836373136,54677.434686466244,145227.87300725165,625,0
"Norfolk, NE",0.3874527064151251,41964.398585809635,139117.69799996153,616,0
"North Platte, NE",0.3539525651136403,26106.263467685105,138252.11059302324,752,0
"North Port, FL",0.5333932428132528,93668.67967063838,248834.28166092714,73,1
"North Vernon, IN",0.5355848912386542,30900.987021367684,117544.5795122648,841,0
"North Wilkesboro, NC",0.5352591009329456,38989.7560559545,119715.2008571192,501,0
"Norwalk, OH",0.40489141041891835,27539.191151749936,103360.08715739132,544,0
"Norwich, CT",0.6045044033739256,51991.59798112319,241058.32537847685,185,1
"Oak Harbor, WA",0.4422100600515078,124236.74917573256,376374.42981562496,428,3
"Ocala, FL",0.6084716639247468,56009.00453852158,160098.2780176378,149,1
"Ocean City, NJ",0.6535403798428153,130984.10541574103,394377.6279221854,410,3
"Odessa, TX",0.08054794063058716,45100.174007919464,168120.5646757732,271,2
"Ogden, UT",0.5152252938547996,108299.24000419749,252882.88772251655,87,1
"Ogdensburg, NY",0.44465660891517766,20531.934816077795,79968.97160301324,369,0
"Oil City, PA",0.44817349388043154,19216.86165125545,79407.44448185431,597,0
"Okeechobee, FL",0.7149140363331746,56238.64880711157,133838.3712302649,701,0
"Oklahoma City, OK",0.42568199244232613,37885.49628554608,139430.51344506623,42,1
"Olean, NY",0.5897485257354512,22364.348960538206,88772.18018779265,459,0
"Olympia, WA",0.4714392865541989,107196.73885660128,278533.3314780731,172,1
"Omaha, NE",0.4392651426547654,47859.616211412,166916.60347748344,59,1
"Oneonta, NY",0.4033865886390428,36543.51112641218,118914.5723010596,542,0
"Ontario, OR",0.710851130083547,80879.64139044585,160095.88922221854,557,0
"Opelousas, LA",-0.10919435254333751,10140.56785844973,125610.30017886599,440,2
"Orangeburg, SC",0.33827790629118293,19663.2781548867,100652.19538645419,429,2
"Orlando, FL",0.5178094216322157,81627.73794107573,212457.40769768212,22,1
"Oshkosh, WI",0.48310911674460205,43597.71396636715,175324.30891907215,257,1
"Oskaloosa, IA",0.4533148945548695,30079.60285842087,115080.82394567708,887,0
"Othello, WA",0.5822218914426999,58541.88457595359,177488.96973854167,909,0
"Ottawa, KS",0.5809334231213669,45905.98879589187,123533.38240970213,854,0
"Ottumwa, IA",0.4625671499343638,16652.397061749856,83662.95006416667,762,0
"Owatonna, MN",0.4675123509703433,48228.76618385647,176831.61888659795,730,0
"Owensboro, KY",0.463384407797115,29335.232328539125,111873.2560544,346,1
"Oxford, MS",0.5877186761582783,50194.9809661909,224619.92902698411,564,0
"Oxnard, CA",0.39640505859092057,160279.80603168995,541423.9600850993,71,3
"Ozark, AL",0.3863884018063729,19521.570989850683,101294.14940734848,608,0
"Paducah, KY",0.40512514534042654,21262.90749023017,91637.0452775839,399,0
"Pahrump, NV",0.44870156659333343,83253.87140573695,186566.30903293815,601,0
"Palatka, FL",0.5167225792018553,42866.05957245757,119533.03128023622,479,0
"Palestine, TX",0.5291380830607677,31950.930362748848,128805.54630624999,547,0
"Palm Bay, FL",0.5153318950792393,75552.6717983583,192427.33904271523,97,1
"Pampa, TX",0.17147006975339588,7308.912867435272,80070.84783356384,888,2
"Panama City, FL",0.47719622068418244,67093.98505643259,194766.84403377483,242,1
"Paragould, AR",0.39067389777027256,29294.353049555713,108243.05828479867,647,0
"Paris, TN",0.5187059069518357,30250.322981424957,110060.35808550335,800,0
"Paris, TX",0.4157458903401046,33280.72306262718,132820.55042083332,602,0
"Parkersburg, WV",0.37845505782966743,20987.585551789005,103879.30100866666,419,0
"Parsons, KS",0.45432667797204074,10980.021416162386,66073.70916550458,911,0
"Payson, AZ",0.5458493312122491,82283.98899714003,196951.63800612584,583,0
"Pecos, TX",-0.23282907430700212,35180.17455839275,176233.50679082566,934,2
"Pensacola, FL",0.49904736979621556,57211.040515891735,169639.60342980133,111,1
"Peoria, IL",0.37549018333657885,11635.741792440922,111341.96082458182,136,1
"Peru, IN",0.4694264618026222,26578.94993878715,88704.37305260416,753,0
"Philadelphia, PA",0.44789747138463504,57831.89947322282,222365.33881887418,7,1
"Phoenix, AZ",0.5023986749108915,101094.22593982329,248407.15989733333,11,1
"Picayune, MS",0.3124523385290102,31505.23215011888,155286.8939450633,559,2
"Pierre, SD",0.3743346773408425,39537.13615945668,193202.39000364582,900,0
"Pine Bluff, AR",0.22214717676494747,13712.733608702156,66258.5533778808,421,2
"Pinehurst, NC",0.6443134265307213,69379.03335169815,249113.0265352941,398,1
"Pittsburg, KS",0.5774696387723146,15847.314902804661,83566.6643003627,708,0
"Pittsburgh, PA",0.3045978009638783,34809.41628664109,131471.54650655627,27,1
"Pittsfield, MA",0.5972865895355993,56738.14978915223,212803.1260231788,326,1
"Plainview, TX",0.11116024680301574,13110.599420572438,93057.13229709845,795,2
"Platteville, WI",0.3859472682848409,31593.64155043749,139537.01784583332,591,0
"Plattsburgh, NY",0.42723471321682976,29548.75073713789,125308.58617431439,452,0
"Plymouth, IN",0.5428570051784475,37892.724454532094,135099.6106900331,635,0
"Pocatello, ID",0.6332529291975346,71945.74499761277,194353.6985159794,412,1
"Point Pleasant, WV",0.4599268708632565,20026.60792451989,93748.8697402341,572,0
"Ponca City, OK",0.36947014462520567,15353.17417893274,66356.03882355933,664,0
"Pontiac, IL",0.39663624460760877,15580.749692633559,97520.3768431457,754,0
"Poplar Bluff, MO",0.3375453243871743,14237.935770960361,118413.4776536949,581,2
"Port Angeles, WA",0.4997332021248671,100542.27040378629,296496.4514880383,463,1
"Port Lavaca, TX",0.20884498386282094,29502.404727691275,146307.7947868421,908,2
"Port St. Lucie, FL",0.6049168047875104,88405.85919342605,202057.42842913908,115,1
"Portales, NM",0.07260872063900035,6712.5493898768955,133718.08580053475,915,2
"Portland, ME",0.6073077646471798,94474.99888622465,272123.3745741722,105,1
"Portland, OR",0.3111036120252392,116574.580144675,318555.5136036424,25,3
"Portsmouth, OH",0.446727145193642,15236.674419783429,90370.79833305556,474,0
"Pottsville, PA",0.6621875194764785,21632.23319259778,88006.71507798969,304,1
"Price, UT",0.6784293939997583,49083.31572411515,180266.23602752294,912,0
"Prineville, OR",0.4652166199585105,117848.77637067702,213403.0153502649,872,0
"Providence, RI",0.5460933766994618,80618.30231718569,275635.0800672185,39,1
"Provo, UT",0.45374334288092716,116269.8869897312,283829.08043255034,92,1
"Pueblo, CO",0.43307793430969904,60478.29288698982,157274.43098112583,264,1
"Pullman, WA",0.3942757345681244,66572.95929594878,238504.05313883928,620,0
"Punta Gorda, FL",0.4750792583745798,79125.10926042606,180424.3748342053,237,1
"Quincy, IL",0.17316369383536565,20492.076817287503,134274.08939639176,468,2
"Racine, WI",0.46031320978514234,45454.191945186154,173265.6774351759,231,1
"Raleigh, NC",0.5075545076141126,81331.78706382586,248987.6074652318,43,1
"Rapid City, SD",0.5203182332180794,64669.31084151437,220636.23737114426,313,1
"Raymondville, TX",-0.09240244725650086,20259.896936285215,109234.36035417218,907,2
"Reading, PA",0.55098657292622,44368.602583071704,166807.53978907285,128,1
"Red Bluff, CA",0.2656784369924865,67316.4746992691,221595.9929031646,506,2
"Red Wing, MN",0.3233907723129087,50563.58650496802,194066.14608150686,624,0
"Redding, CA",0.30847423674954494,72241.82999314983,230693.78360264903,240,1
"Reno, NV",0.42040356414383784,119389.02582855277,306403.89678907284,113,3
"Rexburg, ID",0.5883878378985561,96990.68906268878,243546.74533244682,517,1
"Richmond, IN",0.5195799805365332,21438.49602388224,100957.77003595854,499,0
"Richmond, KY",0.5095440984374695,37533.38917900662,138057.0955911628,373,1
"Richmond, VA",0.46868374812977504,62593.39150036281,217065.76270996677,45,1
"Rio Grande City, TX",0.0814184330037012,17214.088457146616,115012.51950063158,503,2
"Riverside, CA",0.5171253259144193,127671.13456500099,313911.6085238411,13,3
"Riverton, WY",0.5203145856832021,39845.430788593985,218556.70044673915,705,0
"Roanoke Rapids, NC",0.42285609038653255,12575.291734373192,64978.93754274835,494,0
"Roanoke, VA",0.5201771315107223,37654.48952734368,176835.83958196722,164,1
"Rochelle, IL",0.35375143584915864,26737.45201764388,147768.41098195876,594,0
"Rochester, MN",0.3479015070861181,54273.789868378895,190010.43087384108,207,1
"Rochester, NY",0.6054237995254389,37533.02677918026,140330.206727649,52,1
"Rock Springs, WY",0.26926070713913464,25642.635515872036,223992.44789810124,678,2
"Rockford, IL",0.585319605990936,27908.46841276653,107617.1717102649,153,1
"Rockingham, NC",0.35883611283944483,18531.172099712774,82303.54861689243,669,0
"Rocky Mount, NC",0.6269583950807326,29881.77896019467,112658.79608115894,303,1
"Rolla, MO",0.5183108306700723,29694.501954475654,158651.04726697248,659,0
"Rome, GA",0.5343083889503765,39534.99761101755,117874.45606116667,401,0
"Roseburg, OR",0.46410933118976516,66851.7418418976,182684.68169433775,366,1
"Roswell, NM",0.1806753147615349,19346.647216083613,115650.49524252578,509,2
"Russellville, AR",0.3416231009928267,26703.73774693853,120491.9873668212,435,0
"Ruston, LA",0.16002532673187483,32620.969614966772,150554.01281151007,618,2
"Rutland, VT",0.4711580255721232,50652.92085716529,180045.92448180603,533,0
"Sacramento, CA",0.32794323647256424,120816.90236596476,353581.95520596026,26,3
"Safford, AZ",0.39461607143136807,50695.38653165879,163690.84712271523,718,0
"Saginaw, MI",0.5712186249514969,22628.118178499903,89611.85877016556,233,1
"Salem, OH",0.3999776066442842,21641.28131587713,90353.3419478,388,0
"Salem, OR",0.380585229021592,92070.6091801435,240612.13464668876,126,1
"Salina, KS",0.3904555447071188,24094.744491647627,122210.42405303799,537,0
"Salinas, CA",0.4219925453239101,168133.8750418926,506939.6587158941,125,3
"Salisbury, MD",0.46928296796880975,70044.28950323298,262437.96757052984,134,1
"Salt Lake City, UT",0.46545207653554954,119476.84198046141,286519.6512778146,48,1
"San Angelo, TX",0.3269565307272317,35876.1193240344,177463.67393015872,344,1
"San Antonio, TX",0.30732555911798126,56605.5592772,170701.32844072848,24,1
"San Diego, CA",0.5431633207079217,187746.51308506783,507816.0554930463,17,3
"San Francisco, CA",0.21833919890923914,263218.7999165728,689826.7540874173,12,3
"San Jose, CA",0.42396877382238446,364271.2493270939,833889.0303019934,36,3
"San Luis Obispo, CA",0.41694179432099343,176110.54137321658,507819.85219337745,175,3
"Sandpoint, ID",0.6998833391695837,155920.88278089333,349098.87658072915,632,3
"Sandusky, OH",0.5319110130136034,28447.27677819694,136000.76055481727,469,0
"Sanford, NC",0.7048701472319505,49329.36335470398,140798.8298252349,522,0
"Santa Cruz, CA",0.3654624056056,239587.33619857387,680926.2627625827,183,3
"Santa Fe, NM",0.4121189699184987,91521.15472879037,337792.3106051095,284,1
"Santa Maria, CA",0.5877046893703929,179938.54464248643,555959.9165354305,124,3
"Santa Rosa, CA",0.2092903078449496,154001.10795938165,531906.3899741721,112,3
"Sault Ste. Marie, MI",0.33810148504039683,19982.504106090382,116723.09931533679,738,0
"Savannah, GA",0.6331341995145005,56168.72774343421,186904.21245364237,138,1
"Sayre, PA",0.3705938707236426,20329.424353648137,141866.27024793814,536,0
"Scottsbluff, NE",0.43263481770306605,23701.12250854419,126272.55640833334,724,0
"Scottsboro, AL",0.47639510290210463,32153.55573292141,125839.2876401093,587,0
"Scranton, PA",0.48506566480888885,29792.04563744251,127611.35718824502,101,1
"Searcy, AR",0.46882062381211265,24764.11286177233,125409.05193322148,461,0
"Seattle, WA",0.4433559034737656,155314.68827401794,403584.281607947,15,3
"Sebastian, FL",0.5303150890849482,78448.45371099735,205177.39358145694,274,1
"Sebring, FL",0.6605454963119771,48747.99219628032,132464.02154527558,390,1
"Sedalia, MO",0.5599040957107546,32203.041585777806,85221.91388678808,674,0
"Selinsgrove, PA",0.1669036647089211,25835.92282862379,191774.12794885057,699,2
"Selma, AL",0.06078291492335816,9670.095949765308,65318.09656465117,707,2
"Seneca Falls, NY",0.5448857430108955,29098.18426989006,116487.9130063245,784,0
"Seneca, SC",0.5967932930263076,47203.202738513864,175886.28398381502,457,0
"Sevierville, TN",0.5834086767256896,92000.95585257982,203901.66839536422,402,1
"Seymour, IN",0.46000034794531136,35215.72658346056,138812.83744444445,639,0
"Shawano, WI",0.585651808410931,38401.777478967364,145472.9990507772,652,0
"Shawnee, OK",0.528922240285666,30468.877695575884,95975.45520993377,482,0
"Sheboygan, WI",0.5403453167848133,45617.21902315094,173842.634875,352,1
"Shelby, NC",0.5003991513717467,34851.31376421321,115301.25848006712,394,0
"Shelbyville, TN",0.5704244854081044,65667.03541150015,150429.79642927152,606,0
"Shelton, WA",0.5207056630629482,98929.2931045544,262586.53692890995,510,1
"Sheridan, WY",0.42120923719143827,67715.39369874267,301175.08090632915,815,0
"Sherman, TX",0.4774026634809155,63334.90376204311,182479.4395835443,319,1
"Show Low, AZ",0.6035591978658346,83900.64561287324,194839.41275483443,372,1
"Shreveport, LA",0.07857879353212481,10344.065911581369,144812.25085481172,141,2
"Sidney, OH",0.4740173440769291,34222.295400555966,123671.84389322149,619,0
"Sierra Vista, AZ",0.34545619646192893,36364.980178274986,182916.16619463413,335,1
"Sikeston, MO",0.20335138183084983,12346.404647961266,127289.47211284404,717,2
"Silver City, NM",0.3058577051692609,26589.43384143688,147111.74765592106,835,2
"Sioux City, IA",0.37466112622526954,36038.172719849164,115128.35214009968,297,1
"Sioux Falls, SD",0.4415236071769057,58020.44561473085,203432.9274972973,182,1
"Snyder, TX",0.1309984743898917,11607.43600407716,106522.01794932292,926,2
"Somerset, KY",0.3277586027599072,41313.006115683434,82070.91249056291,513,0
"Somerset, PA",0.3686444026081257,20436.355107245283,117287.63318350515,475,0
"Sonora, CA",0.2817200493197258,47879.614188085136,338672.22660733946,569,2
"South Bend, IN",0.5162749451197305,37358.64004777333,129031.75582748816,159,1
"Spartanburg, SC",0.5517416652699962,47925.13269685629,148694.33934583334,160,1
"Spearfish, SD",0.5402081231312806,77138.31642719143,288146.1442967532,858,0
"Spencer, IA",0.3520064946672646,26521.57431785787,125788.3866234715,928,0
"Spirit Lake, IA",0.41334836315232754,62804.58401279764,247906.7256382199,922,0
"Spokane, WA",0.46406575502081254,89204.93115447924,211376.88516092714,100,1
"Springfield, IL",0.24393298437755373,15743.487597622347,133990.81924330356,220,2
"Springfield, MA",0.4875086266260743,52312.0984703652,210433.12275860927,85,1
"Springfield, MO",0.5572455088008046,47416.46133237832,153954.1471464455,118,1
"Springfield, OH",0.601610528545807,29250.63926202584,99042.56742880795,316,1
"St. Cloud, MN",0.4321289225641665,46344.00351327574,191942.5074008439,230,1
"St. George, UT",0.5208435842058975,128072.44125549436,304353.17459846154,249,3
"St. Joseph, MO",0.40864828423421895,23764.09600286968,123430.21396953125,343,1
"St. Louis, MO",0.40583184687054724,34464.93745191993,162074.5402781457,21,1
"St. Marys, GA",0.6240478193901285,53491.792873953535,154460.61504443333,576,0
"Starkville, MS",0.3076433914234372,21545.22179353726,183478.79478272249,529,2
"State College, PA",0.3031798918496766,49069.96306667029,220920.66782881357,273,1
"Statesboro, GA",0.7403364372673638,45469.26809813744,156735.1924076923,453,0
"Staunton, VA",0.3901685143579583,49162.33286651416,205363.33007460317,338,1
"Steamboat Springs, CO",0.8423977269995896,241830.8587630215,486393.7892694631,867,3
"Stephenville, TX",0.5968911496939382,62661.85735165762,190264.29295025906,680,0
"Sterling, CO",0.41334014409085457,46318.11122572929,138077.38809850995,890,0
"Sterling, IL",0.3038421588869729,10939.314682693037,98875.06168843749,560,2
"Stevens Point, WI",0.38225726545307914,46244.33081407048,188261.68208547487,485,0
"Stillwater, OK",0.35620554984726044,33433.95401491457,134092.0134862914,444,0
"Stockton, CA",0.36805584505684735,123462.04423095747,318505.73503178806,77,3
"Storm Lake, IA",0.39885557446401,30185.217251177135,105360.16756261745,903,0
"Sturgis, MI",0.3775310336763229,30427.508384292905,120536.99082083892,532,0
"Sulphur Springs, TX",0.32718183007844553,43025.33066232425,206980.96524036696,745,0
"Summerville, GA",0.575484668092603,27497.557945985674,90644.60709973509,868,0
"Sumter, SC",0.2883894974412376,24174.471309732573,132687.733749,314,2
"Sunbury, PA",0.21019740135265688,16109.211617451958,104937.27514381443,415,2
"Susanville, CA",0.2107876705739705,40605.95717485436,162016.849553211,793,2
"Sweetwater, TX",-0.0853625260561881,13698.725733896601,104724.93319868422,933,2
"Syracuse, NY",0.6205886330648636,35644.16457623497,124997.44297910595,91,1
"Tahlequah, OK",0.5562575473229696,30053.079688781225,112894.2050827907,626,0
"Talladega, AL",0.4618719786092723,27054.690131046813,113923.62869311644,443,0
"Tallahassee, FL",0.39229869488650826,44347.67652764901,176670.6601847682,145,1
"Tampa, FL",0.5617234529367814,80062.3470927639,193903.5358218543,18,1
"Taos, NM",0.2096330206939388,74667.29352748404,358410.7149132911,777,2
"Taylorville, IL",0.3075061595424572,9500.570795876421,83160.78126649484,781,2
"Terre Haute, IN",0.49511259595772256,22724.33279932231,100044.5299902062,235,1
"Texarkana, TX",0.250761883964146,26423.604467888763,114226.67184289037,299,2
"The Dalles, OR",0.43163730073371526,85671.31130746842,240217.1307673575,849,0
"The Villages, FL",0.36633229864290634,76419.39562289097,240948.43061304346,329,1
"Thomaston, GA",0.8295033899986456,32059.34885855263,81398.42694993378,843,0
"Thomasville, GA",0.48444432410568733,29700.038342402797,124206.56517488373,646,0
"Tiffin, OH",0.452771749624286,22477.229414951194,97557.47822125828,570,0
"Tifton, GA",0.3472220795819514,22819.47446432659,128733.19091672187,688,0
"Toccoa, GA",0.7900236085631471,41904.099354515434,102363.94062327815,848,0
"Toledo, OH",0.43250649332578817,26668.686418867434,112613.42018798014,93,1
"Topeka, KS",0.5622670276818407,30870.90190777227,115599.57879460265,199,1
"Torrington, CT",0.6668064393129912,53777.19749204697,242837.015952649,236,1
"Traverse City, MI",0.585919397580074,74391.09505254241,199258.07596589404,287,1
"Trenton, NJ",0.5581161217224074,60727.72398545348,261560.64807649006,142,1
"Troy, AL",0.1947299207092931,14282.691631191043,137919.38242201836,788,2
"Truckee, CA",0.27800930724905093,119986.07096440931,402109.4935062069,389,3
"Tucson, AZ",0.4794324314619163,65578.8091185515,203820.8397358804,54,1
"Tullahoma, TN",0.6168899621361268,58084.06669017375,145266.40274612582,374,1
"Tulsa, OK",0.4726426497275893,35710.82217347316,138993.0195445033,56,1
"Tupelo, MS",0.32443771362078366,21108.35823514308,134174.17756582279,269,1
"Tuscaloosa, AL",0.3137985083571765,30382.747512771006,143564.547744702,188,1
"Twin Falls, ID",0.6014803171387644,80085.60592306861,194786.4362079832,361,1
"Tyler, TX",0.4826709848558623,47502.785315620546,170634.224178866,201,1
"Ukiah, CA",-0.01401187846258032,94393.53072996215,400190.63339511276,416,3
"Union City, TN",0.4497070994352757,17637.695969638673,90060.2935318792,816,0
"Urban Honolulu, HI",0.2780407936139868,182092.00539005792,534131.4671662252,55,3
"Urbana, OH",0.5143215914098883,34985.37404705886,133043.7007792053,712,0
"Utica, NY",0.5336409085350661,33498.217686759584,112884.33363996688,169,1
"Uvalde, TX",0.22337416827538295,24260.58716591229,141656.14815238095,865,2
"Valdosta, GA",0.5401832731026969,23558.1734204865,133865.61772474914,300,1
"Vallejo, CA",0.27981366210731723,128596.23666475658,370769.4495460265,123,3
"Van Wert, OH",0.6203135690668157,25309.37820403219,96995.1872631457,828,0
"Vermillion, SD",0.526163391848836,38372.04305209519,184838.85692293575,932,0
"Vernal, UT",0.5210215165209667,47827.77120446072,213679.13103854167,760,0
"Vernon, TX",0.06320483005495686,9894.720709343952,75332.98638047618,938,2
"Vicksburg, MS",0.1673830380652144,17909.087521820034,124506.67674322784,653,2
"Victoria, TX",0.2883877990072321,24945.792359642528,177200.9800385321,400,2
"Vidalia, GA",0.46330075064460496,23855.56044750543,98121.51594627518,758,0
"Vincennes, IN",0.5164914819737898,21666.97039167956,95288.77874202532,750,0
"Vineland, NJ",0.6308386901804692,38389.06141494657,156276.9195915563,278,1
"Vineyard Haven, MA",0.657332990943445,300992.1277361993,753837.1411158941,910,3
"Virginia Beach, VA",0.4179586044436276,57339.09663716962,222499.82435430464,38,1
"Visalia, CA",0.4665663185145052,70743.33970242646,194449.9361258278,119,1
"Wabash, IN",0.49590312755336036,28548.193291624386,110687.33428397906,810,0
"Waco, TX",0.4974390278117324,53530.50867868146,154109.22909072164,178,1
"Wahpeton, ND",0.2832395381994261,38421.646310214936,141793.28607478723,882,2
"Walla Walla, WA",0.44417124333164393,80066.43926159455,222134.438849,525,1
"Wapakoneta, OH",0.440551585672039,32255.687754993745,141420.65698125,634,0
"Warner Robins, GA",0.5243664201495323,33614.038361891304,142827.4128807947,234,1
"Warren, PA",0.42851152071246196,19526.312428421665,105374.8915821101,710,0
"Warrensburg, MO",0.37886373831256626,44376.497065009375,179410.37369742268,578,0
"Warsaw, IN",0.4397365400210413,42440.57348322366,154482.36088282827,451,0
"Washington Court House, OH",0.4725355895776649,33780.81452998502,125184.30368953642,825,0
"Washington, DC",0.30828705094623055,97729.23206253856,377614.0766834437,6,3
"Washington, IN",0.465210586153569,35893.39159471598,143522.71288860758,787,0
"Washington, NC",0.6445911069548418,36620.230916460096,134058.2518916388,656,0
"Waterloo, IA",0.34108858020188776,21664.493421007264,134597.26989672898,261,1
"Watertown, NY",0.4086535517773079,39768.54132750767,122077.87641916667,351,1
"Watertown, SD",0.4014581319310493,46535.48200447768,252910.19141842105,773,0
"Watertown, WI",0.45197756534482936,51883.717355649926,201801.52598,430,1
"Wauchula, FL",0.7389875082662023,41466.38541703924,108983.27257192053,859,0
"Wausau, WI",0.43971221787219167,34577.334149615104,152283.63861030928,266,1
"Waycross, GA",0.5697514257229184,22980.869749620728,82305.74478099337,563,0
"Weatherford, OK",0.35921428337746786,22422.23193732553,101343.41991166113,831,0
"Weirton, WV",0.42074082663227574,21016.923542194025,81019.95032587064,353,0
"Wenatchee, WA",0.3672130293069926,105264.85480961931,276809.98916347517,345,1
"West Plains, MO",0.6932757178818726,37003.539744580965,121775.53645671958,700,0
"Wheeling, WV",0.22833918974700176,22120.795247388356,88795.35778155629,309,2
"Whitewater, WI",0.47638906850032714,55274.36441323203,220605.24728344596,375,1
"Wichita Falls, TX",0.5005243194721224,25801.77551677364,110976.64370912372,298,1
"Wichita, KS",0.47741444673769456,31573.547357759664,126318.24983487272,94,1
"Williamsport, PA",0.3249766343508494,28938.62162835346,146432.3711688294,359,1
"Williston, ND",0.11323268764635419,45631.71938103628,272071.8019293194,715,2
"Willmar, MN",0.4226251682421591,35526.678663417966,175615.6823111588,668,0
"Wilmington, NC",0.5929532999689162,73118.09830698273,250859.0432706107,174,1
"Wilmington, OH",0.5342411804684537,42451.52280355756,126264.92943826255,682,0
"Wilson, NC",0.6911208758303451,37404.88213070199,127198.26138613402,455,0
"Winchester, VA",0.44435691014968054,63364.28260283247,223580.95395728477,308,1
"Winnemucca, NV",0.4866882571847504,48858.76229017233,231885.60639411764,924,0
"Winona, MN",0.4365286671072389,38424.57806953342,180463.260075,603,0
"Winston, NC",0.5361337900212325,40393.26666146006,153324.1820241722,89,1
"Wisconsin Rapids, WI",0.4375664001153993,29189.05746225202,134444.92526185565,476,0
"Woodward, OK",0.14238837947750185,16588.471246312773,91946.23058768456,871,2
"Worcester, MA",0.5555480365205746,68571.49305399464,268182.924047351,58,1
"Worthington, MN",0.41649070633730667,33053.25335027441,157581.17549558825,885,0
"Yakima, WA",0.3894839398939405,68214.39169884582,183087.4952342282,193,1
"Yankton, SD",0.29770238803408594,38859.25148618315,186792.3201801047,881,2
"York, PA",0.479911921007337,41021.0444416539,174389.9454435216,122,1
"Youngstown, OH",0.5461490409223793,20450.149569109697,94352.37691311259,106,1
"Yuba City, CA",0.37401867550809387,95495.81301445057,244047.56594251966,247,1
"Yuma, AZ",0.619120944569978,48923.0506028808,170890.93171167883,225,1
"Zanesville, OH",0.5566575721159112,30998.667160152625,104423.16361327814,426,0
"Zapata, TX",-0.07470034430473019,16888.13225533485,126349.78580594594,935,2
